empID,name,fname,aadhar,city,pincode,phone,email,DeptID,date of birth
1,Mary,Arnulfo,158578688,Mumbai,410210,281796108,email1@gmail.com,122,2/23/1983
2,Anna,Arron,100524032,Mumbai,410210,281940292,sadas@gmail.com,120,9/2/1985
3,Emma,Brook,128512000,Delhi,110001,282614216,fhfdg@gmail.com,120,7/30/1971
4,Elizabeth,Damien,92774400,Pune,111045,282935706,eraedf@gmail.com,120,7/20/1973
5,Minnie,Darian,10485713,Mumbai,410210,283619399,sdgfdfh@gmail.com,126,11/16/1991
6,Margaret,Darold,227795968,Mumbai,410210,283646709,rrq@gmail.com,128,5/18/1979
7,Ida,Dwane,130242560,Mumbai,410210,284035177,erg@gmail.com,125,7/12/1985
8,Alice,Kalvin,49250304,Mumbai,410210,284666222,nfgh@gmail.com,125,1/14/1978
9,Bertha,Lupe,70023168,Pune,111045,284736660,dfh67@gmail.com,121,12/15/1980
10,Sarah,Mel,49618944,Pune,111045,284791396,yrth67@gmail.com,125,4/3/1973
11,Annie,Prentice,227547136,Mumbai,410210,284815117,sfgbgdh@gmail.com,122,7/13/1985
12,Clara,Benson,179979264,Pune,111045,284815942,icvhuh@gmail.com,129,2/12/1979
13,Ella,Brandt,160925696,Mumbai,410210,284847138,czxvujn@gmail.com,126,4/20/1983
14,Florence,Chandler,55153664,Pune,111045,284862767,zdjnj@gmail.com,125,4/5/1988
15,Cora,Christoper,207907840,Mumbai,410210,284876795,zcnvjfdn@gmail.com,128,3/21/1994
16,Martha,Deborah,389879808,Delhi,110001,284882215,ijaiwem@gmail.com,127,5/22/1988
17,Laura,Elroy,167407616,Delhi,110001,284910350,kxcmbfdn@gmail.com,125,11/5/1990
18,Nellie,Emmitt,147093504,Delhi,110001,284993459,cnvj@gmail.com,127,7/7/1990
19,Grace,Isidro,10735026,Mumbai,410210,285005463,kdngn@gmail.com,127,8/14/1976
20,Carrie,Kennth,70707916,Mumbai,410210,285946052,djnjn@gmail.com,128,4/28/1991
21,Maude,Terance,6169600,Pune,111045,285994151,ij8inzx@gmail.com,128,6/24/1990
22,Mabel,Trever,130583552,Mumbai,410210,286058814,ojijd9@gmail.com,121,9/9/1974
23,Bessie,Charlton,71203840,Mumbai,410210,286070473,zdjnu8@gmail.com,120,10/6/1975
24,Jennie,Cyril,11423008,Pune,111045,286799607,ujnv@gmail.com,125,3/22/1992
25,Gertrude,Delton,188017664,Ahmedabad,320008,286906691,zujv8j@gmail.com,128,9/4/1992
26,Julia,Donavan,4765696,Mumbai,410210,286911400,zxnun@gmail.com,124,7/10/1977
27,Hattie,Drake,287933440,Mumbai,410210,288113403,izucvnjun@gmail.com,122,6/18/1992
28,Edith,Geno,4263936,Chennai,600001,288120394,zxnvuni@gmail.com,123,10/25/1970
29,Mattie,Glynn,172772352,Mumbai,410210,288419283,almfm@gmail.com,125,11/24/1991
30,Rose,Lacy,273844224,Mumbai,410210,288429040,ermk@gmail.com,130,4/20/1990
31,Catherine,Lamonte,40216576,Mumbai,410210,289084315,adfj8@gmail.com,122,12/16/1976
32,Lillian,Lavern,2386944,Mumbai,410210,289446241,owwmi4n2@gmail.com,130,7/10/1994
33,Ada,Leander,105431040,Mumbai,410210,289523017,duvhu@gmail.com,123,11/10/1991
34,Lillie,Milo,44129280,Chennai,600001,289894882,du8ja@gmail.com,126,2/13/1983
35,Helen,Mose,116443136,Chennai,600001,290638154,kqemrin@gmail.com,121,7/29/1987
36,Jessie,Pamela,1646592,Delhi,110001,290807369,ddjvoiwmt@gmail.com,122,7/26/1971
37,Louise,Tory,30016512,Pune,111045,290986013,da@gmail.com,127,1/24/1970
38,Ethel,Warner,29518848,Delhi,110001,291430598,poosdj@gmail.com,124,5/17/1974
39,Lula,Wendall,66872320,Delhi,110001,292421271,ugyb13@gmail.com,122,3/29/1984
40,Myrtle,Aurelio,45229056,Delhi,110001,292628469,9i9zvn@gmail.com,129,3/20/1974
41,Eva,Connie,127470592,Pune,111045,292738169,h8zcvh@gmail.com,123,10/13/1983
42,Frances,Darryle,44241920,Mumbai,410210,293118835,h8hjz@gmail.com,123,12/25/1978
43,Lena,Darryn,107983872,Mumbai,410210,293523031,sddnin@gmail.com,122,6/7/1983
44,Lucy,Enrico,8044544,Ahmedabad,320008,293573778,ainrqdsf@gmail.com,125,1/15/1985
45,Edna,Hilario,37214208,Chennai,600001,293622097,dgkn@gmail.com,120,5/5/1974
46,Maggie,Huey,60320768,Chennai,600001,293760823,dikmfinin@gmail.com,121,5/4/1971
47,Pearl,Issac,100849664,Pune,111045,293778748,32rmi@gmail.com,121,4/12/1993
48,Daisy,Jodie,72748032,Mumbai,410210,294056623,adkfmfin0@gmail.com,128,11/13/1988
49,Fannie,Kevan,32164864,Mumbai,410210,294536447,zdvuh8@gmail.com,128,9/18/1980
50,Josephine,Raymon,69079040,Mumbai,410210,294631159,8hd8un4@gmail.com,121,9/24/1986
51,Dora,Valentin,82037760,Mumbai,410210,294934058,nudb@gmail.com,126,11/7/1973
52,Rosa,Waymon,150195200,Delhi,110001,295430577,ijsirtm@gmail.com,122,3/28/1975
53,Katherine,Anthoney,199734272,Delhi,110001,295646461,kmwtrni@gmail.com,129,2/20/1987
54,Agnes,Antone,13156352,Pune,111045,295759189,kgmi@gmail.com,120,2/23/1976
55,Marie,Ari,30367744,Delhi,110001,295775656,ijihcv@gmail.com,130,4/29/1983
56,Nora,Artis,93420544,Delhi,110001,296581815,ihuhcuan@gmail.com,127,10/5/1976
57,May,Christine,31505408,Mumbai,410210,297244048,qiiejifojp@gmail.com,130,6/20/1984
58,Mamie,Mac,25997312,Mumbai,410210,297332787,inodalfnaoi@gmail.com,120,10/28/1987
59,Blanche,Richmond,182054912,Chennai,600001,297368629,i8dvj@gmail.com,130,10/24/1971
60,Stella,Rico,138754048,Delhi,110001,297430070,udvui@gmail.com,120,5/15/1984
61,Ellen,Rolf,13564835,Delhi,110001,297606726,8u8dahv@gmail.com,124,12/26/1972
62,Nancy,Sandra,133688320,Pune,111045,297606951,8qwnun@gmail.com,124,8/19/1988
63,Effie,Shedrick,55205888,Ahmedabad,320008,297694601,qenfun@gmail.com,130,11/30/1979
64,Sallie,Trace,46922752,Kolkata,700001,298127110,sdiji@gmail.com,130,6/15/1976
65,Nettie,Wilburn,63283200,Ahmedabad,320008,298206806,dij@gmail.com,126,7/5/1973
66,Della,Adalberto,53426176,Ahmedabad,320008,298596830,adfwi4@gmail.com,123,4/20/1994
67,Lizzie,Carnell,39505920,Kolkata,700001,298867247,dvin@gmail.com,130,11/12/1983
68,Flora,Dee,210088960,Mumbai,410210,299029654,enreqn@gmail.com,121,8/20/1986
69,Susie,Delvin,36399104,Mumbai,410210,299515267,nndv@gmail.com,129,3/12/1993
70,Maud,Hayward,115143680,Mumbai,410210,299853944,njdn@gmail.com,127,1/23/1975
71,Mae,Haywood,56481792,Mumbai,410210,299949744,meirm2@gmail.com,130,11/1/1975
72,Etta,Jonny,181941248,Delhi,110001,300048137,oakdojk@gmail.com,120,9/8/1971
73,Harriet,Rand,162891776,Delhi,110001,300238550,dkgnk@gmail.com,129,7/7/1970
74,Sadie,Renard,98108416,Delhi,110001,300255638,knzbnvik@gmail.com,124,9/16/1990
75,Caroline,Roddy,54088704,Mumbai,410210,300265786,nisndv@gmail.com,121,12/15/1970
76,Katie,Stevan,50155520,Mumbai,410210,300590611,kninsb@gmail.com,125,10/13/1985
77,Lydia,Sven,23936000,Mumbai,410210,300704847,qerfimi@gmail.com,130,12/8/1970
78,Elsie,Thor,145293312,Pune,111045,301387274,adjovk@gmail.com,129,2/13/1982
79,Kate,Tye,140367872,Pune,111045,301521403,knieknfi@gmail.com,122,8/12/1982
80,Susan,Yancy,281244672,Pune,111045,301724680,knjznvdcn@gmail.com,125,2/14/1980
81,Mollie,Alain,66695168,Pune,111045,302049354,skmgq@gmail.com,123,9/7/1982
82,Alma,Antonia,169747456,Mumbai,410210,302584613,kmqneri23rm@gmail.com,120,1/11/1981
83,Addie,Bud,41691136,Mumbai,410210,303058767,kngiii@gmail.com,126,9/29/1989
84,Georgia,Buford,122886144,Mumbai,410210,303191318,dhvu7u@gmail.com,122,9/8/1985
85,Eliza,Christophe,55803904,Chennai,600001,303337299,uh7vd@gmail.com,130,5/1/1978
86,Lulu,Coleman,188956672,Chennai,600001,303849934,u7gva@gmail.com,128,6/20/1991
87,Nannie,Delano,22185984,Ahmedabad,320008,304731501,aermi2@gmail.com,126,1/26/1982
88,Lottie,Domenico,66160640,Kolkata,700001,304770340,dvninc@gmail.com,125,6/10/1991
89,Amanda,Hershel,28135424,Chennai,600001,304871603,zhdvus8@gmail.com,124,6/26/1986
90,Belle,Johnathon,27962441,Chennai,600001,304871622,zdvhj@gmail.com,129,4/11/1975
91,Charlotte,Milan,133238784,Chennai,600001,304878510,zicvj8jjv@gmail.com,124,12/17/1991
92,Rebecca,Prince,151573504,Mumbai,410210,305343404,ijdv8j78@gmail.com,120,8/15/1981
93,Ruth,Reyes,27069440,Mumbai,410210,305557780,jndusnvu@gmail.com,127,10/23/1975
94,Viola,Roderic,101259264,Mumbai,410210,305939712,sfmgu@gmail.com,126,8/20/1969
95,Olive,Williams,168192000,Mumbai,410210,306169895,judszhun@gmail.com,129,6/27/1976
96,Amelia,Winfred,17485824,Delhi,110001,306257910,ih8dshv8@gmail.com,129,12/13/1976
97,Hannah,Anson,5234688,Delhi,110001,306375551,in7uhdv@gmail.com,121,2/18/1982
98,Jane,Aric,237913088,Delhi,110001,306468004,ind7vnu@gmail.com,128,2/2/1986
99,Virginia,Bartholomew,233513984,Mumbai,410210,306561234,dsvnun@gmail.com,130,12/12/1986
100,Emily,Davie,110420992,Mumbai,410210,306621789,disvj8hj8@gmail.com,127,1/17/1985
